{
  "iou": 0.022001529168226036,
  "precision": 0.022001529168226036,
  "recall": 0.9999999999999792,
  "f1": 0.04305576523129771,
  "confusion_matrix": [
    [
      0,
      21407432
    ],
    [
      0,
      481592
    ]
  ]
}