{
  "iou": 0.003939223410241058,
  "precision": 0.03578274760375765,
  "recall": 0.004407019752890951,
  "f1": 0.007847531679663995,
  "confusion_matrix": [
    [
      5003624,
      4527
    ],
    [
      37953,
      168
    ]
  ]
}