{
  "iou": 0.5284285277556138,
  "precision": 0.7485598848391559,
  "recall": 0.6424649911127959,
  "f1": 0.6914664498348819,
  "confusion_matrix": [
    [
      21303503,
      103929
    ],
    [
      172186,
      309406
    ]
  ]
}