{
  "iou": 0.007554289582487809,
  "precision": 0.007554289582487809,
  "recall": 0.9999999999997378,
  "f1": 0.014995300175123375,
  "confusion_matrix": [
    [
      0,
      5008151
    ],
    [
      0,
      38121
    ]
  ]
}